Application ID,Task Name,Task Status,Passport Number,Expiry Date,,
98691487,Passport Info,Complete,12945851,11/23/2027,,
77137568,Passport Info,Complete,76967320,4/5/2024,,
54464237,Passport Info,Complete,72296046,3/16/2024,,
56577861,Passport Info,Complete,51816282,11/24/2027,,
93591097,Passport Info,Complete,28171921,5/4/2028,,
82843023,Passport Info,Complete,23609739,1/7/2027,,
96810965,Passport Info,Complete,79464999,2/1/2028,,
96189049,Passport Info,Complete,53462699,10/28/2027,,
56252781,Passport Info,Complete,50445256,3/12/2024,,
55499479,Passport Info,Complete,30385605,2/24/2026,,
68030977,Passport Info,Complete,12900715,8/8/2027,,
14764506,Passport Info,Complete,54943944,2/6/2025,,
64723615,Passport Info,Complete,39285688,8/10/2026,,
57436130,Passport Info,Complete,60095870,6/1/2027,,
35165507,Passport Info,Complete,65166351,12/14/2024,,
38865613,Passport Info,Complete,61827343,7/29/2024,,
81348967,Passport Info,Complete,28050883,9/4/2026,,
42744316,Passport Info,Complete,87348107,6/13/2026,,
39043545,Passport Info,Complete,82637571,9/23/2025,,
36091654,Passport Info,Complete,74631444,11/30/2026,,
21174307,Passport Info,Complete,45584262,11/19/2026,,
30433951,Passport Info,Complete,78041124,11/10/2026,,
67580290,Passport Info,Complete,19075742,8/27/2027,,
89926163,Passport Info,Complete,88473481,6/6/2028,,
53206391,Passport Info,Complete,64346101,7/3/2028,,
94370995,Passport Info,Complete,19929660,9/25/2025,,
47072744,Passport Info,Complete,48483728,2/14/2027,,
77501386,Passport Info,Complete,49166906,4/6/2025,,
66074605,Passport Info,Complete,22769361,7/4/2024,,
30473820,Passport Info,Complete,30019238,3/25/2025,,
11833217,Passport Info,Complete,84728903,1/4/2025,,
93277743,Passport Info,Complete,66662196,6/22/2025,,
44884708,Passport Info,Complete,35209591,8/3/2026,,
66220052,Passport Info,Complete,56047152,4/7/2025,,
51836220,Passport Info,Complete,78113534,4/26/2024,,
31009059,Passport Info,Complete,63064657,6/29/2024,,
54846210,Passport Info,Complete,89062883,12/15/2025,,
67266037,Passport Info,Complete,93355233,7/11/2027,,
47503231,Passport Info,Complete,82493134,6/8/2027,,
94501307,Passport Info,Complete,59832060,1/29/2027,,
42108534,Passport Info,Complete,95827986,9/24/2025,,
46552642,Passport Info,Complete,21248672,12/9/2025,,
96975225,Passport Info,Complete,31777922,4/3/2026,,
23422803,Passport Info,Complete,97760563,5/26/2025,,
72177928,Passport Info,Complete,59342891,7/9/2028,,
15861972,Passport Info,Complete,31639885,4/23/2025,,
67315473,Passport Info,Complete,62219907,3/19/2028,,
77740007,Passport Info,Complete,92121356,1/18/2026,,
90338219,Passport Info,Complete,23551962,2/9/2026,,
73882707,Passport Info,Complete,28709136,11/23/2026,,
86934375,Passport Info,Complete,96981082,11/14/2025,,
62629292,Passport Info,Complete,12951673,10/20/2025,,
92578899,Passport Info,Complete,27597799,3/29/2025,,
79882622,Passport Info,Complete,86191910,11/12/2026,,
67188402,Passport Info,Complete,53446736,4/22/2027,,
82495518,Passport Info,Complete,42445426,10/22/2025,,
17677056,Passport Info,Complete,38487527,8/23/2027,,
34044056,Passport Info,Complete,23819973,3/10/2028,,
93989247,Passport Info,Complete,39348206,7/11/2027,,
85338547,Passport Info,Complete,18754177,7/23/2025,,
82283859,Passport Info,Complete,88175198,1/21/2027,,
62210381,Passport Info,Complete,88466423,5/23/2026,,
84479471,Passport Info,Complete,17202217,6/7/2025,,
59744326,Passport Info,Complete,16202706,3/28/2026,,
78093464,Passport Info,Complete,29505727,8/20/2024,,
38599276,Passport Info,Complete,81697711,12/21/2024,,
95852552,Passport Info,Complete,99752628,10/25/2025,,
58721519,Passport Info,Complete,81944905,1/19/2025,,
20891037,Passport Info,Complete,89344072,3/3/2025,,
58662078,Passport Info,Complete,66392233,10/9/2024,,
72292159,Passport Info,Complete,99807747,5/7/2027,,
39919467,Passport Info,Complete,73926246,12/11/2026,,
16834952,Passport Info,Complete,77966751,8/30/2027,,
48010155,Passport Info,Complete,71870278,5/1/2024,,
96664252,Passport Info,Complete,43063810,5/10/2028,,
45827538,Passport Info,Complete,84004707,2/24/2025,,
77465623,Passport Info,Complete,72657019,7/20/2026,,
29587132,Passport Info,Complete,43417528,7/20/2024,,
42169710,Passport Info,Complete,25468430,11/23/2026,,
75161629,Passport Info,Complete,26416066,2/18/2025,,
32846313,Passport Info,Complete,95130183,1/29/2026,,
39125433,Passport Info,Complete,69615491,5/7/2025,,
99382539,Passport Info,Complete,48312619,3/22/2028,,
46633360,Passport Info,Complete,79591725,3/19/2028,,
13836767,Passport Info,Complete,28291722,4/14/2025,,
49594220,Passport Info,Complete,59866122,5/13/2026,,
73200423,Passport Info,Complete,51481136,4/8/2026,,
52569636,Passport Info,Complete,73690138,10/16/2026,,
38273283,Passport Info,Complete,31860063,3/21/2024,,
95298162,Passport Info,Complete,93167417,11/27/2027,,
65999950,Passport Info,Complete,13975654,8/9/2027,,
34992504,Passport Info,Complete,63970044,5/12/2025,,
90398645,Passport Info,Complete,47981819,1/8/2027,,
30385502,Passport Info,Complete,90449297,9/5/2026,,
26467312,Passport Info,Complete,29619145,2/20/2027,,
23386273,Passport Info,Complete,61793224,12/19/2027,,
30981459,Passport Info,Complete,50641507,8/23/2026,,
90783034,Passport Info,Complete,93326204,10/29/2027,,
23198821,Passport Info,Complete,79761727,5/30/2025,,
49885294,Passport Info,Complete,35079941,12/17/2026,,
33270623,Passport Info,Complete,47174096,3/15/2028,,
81199647,Passport Info,Complete,63203809,1/25/2028,,
85178201,Passport Info,Complete,37197463,11/6/2026,,
99366258,Passport Info,Complete,89977580,12/16/2024,,
26869865,Passport Info,Complete,97978417,12/4/2026,,
19751600,Passport Info,Complete,16971915,8/18/2025,,
96452111,Passport Info,Complete,64810400,7/16/2027,,
14588645,Passport Info,Complete,80616859,11/16/2025,,
53060352,Passport Info,Complete,63432054,2/14/2026,,
72992400,Passport Info,Complete,39867218,8/13/2026,,
85876568,Passport Info,Complete,36247599,10/28/2025,,
91254550,Passport Info,Complete,59520540,11/7/2025,,
33477649,Passport Info,Complete,75349037,4/22/2025,,
18923527,Passport Info,Complete,41778369,6/14/2024,,
39871155,Passport Info,Complete,16993316,7/16/2027,,
56073172,Passport Info,Complete,75956793,4/12/2027,,
66377559,Passport Info,Complete,87082520,12/11/2027,,
88921215,Passport Info,Complete,95190609,5/2/2025,,
64708087,Passport Info,Complete,50456059,3/18/2024,,
94931903,Passport Info,Complete,55263640,6/5/2026,,
60527343,Passport Info,Complete,45706045,11/2/2025,,
88822201,Passport Info,Complete,41270633,4/7/2024,,
19227312,Passport Info,Complete,61285112,11/3/2024,,
37407665,Passport Info,Complete,69124688,1/30/2025,,
95139107,Passport Info,Complete,77954907,11/20/2025,,
89904865,Passport Info,Complete,17168650,5/11/2028,,
96776471,Passport Info,Complete,42770404,12/27/2026,,
63005840,Passport Info,Complete,45847634,12/1/2025,,
69498942,Passport Info,Complete,38067607,10/27/2025,,
84531633,Passport Info,Complete,63090250,6/3/2024,,
33412079,Passport Info,Complete,95838766,6/30/2025,,
50484605,Passport Info,Complete,66811177,5/28/2027,,
52167214,Passport Info,Complete,14762413,4/6/2024,,
66671413,Passport Info,Complete,81533780,8/11/2026,,
25117750,Passport Info,Complete,26403424,8/28/2024,,
36900826,Passport Info,Complete,95299933,11/22/2024,,
84632638,Passport Info,Complete,41457596,3/11/2028,,
60196239,Passport Info,Complete,55727866,7/28/2025,,
22747883,Passport Info,Complete,57540429,3/6/2025,,
58488671,Passport Info,Complete,83733835,7/7/2025,,
40557707,Passport Info,Complete,60431037,5/20/2028,,
54898304,Passport Info,Complete,64369668,7/2/2028,,
25578683,Passport Info,Complete,32264351,4/27/2025,,
46205333,Passport Info,Complete,32853393,6/4/2026,,
18418089,Passport Info,Complete,83580707,2/15/2026,,
58746131,Passport Info,Complete,75820170,10/2/2025,,
55109512,Passport Info,Complete,45921949,6/17/2024,,
99787442,Passport Info,Complete,13663977,7/1/2028,,
81750408,Passport Info,Complete,66428701,1/3/2026,,
39972925,Passport Info,Complete,31599502,5/30/2028,,
62213125,Passport Info,Complete,75598776,10/20/2024,,
42023437,Passport Info,Complete,36561806,1/1/2026,,
87962561,Passport Info,Complete,66259780,3/29/2026,,
10307874,Passport Info,Complete,82644675,9/10/2026,,
69093633,Passport Info,Complete,80952509,3/6/2026,,
25237751,Passport Info,Complete,59960766,8/31/2027,,
39608352,Passport Info,Complete,27199184,5/24/2028,,
18078304,Passport Info,Complete,75605591,11/9/2027,,
10902103,Passport Info,Complete,50585671,10/11/2025,,
10959477,Passport Info,Complete,53950161,9/13/2025,,
22699430,Passport Info,Complete,71072997,11/28/2025,,
57894914,Passport Info,Complete,73763113,4/10/2025,,
81785961,Passport Info,Complete,61272306,8/22/2025,,
14654437,Passport Info,Complete,24683929,11/30/2027,,
30407445,Passport Info,Complete,68001022,5/26/2026,,
62272477,Passport Info,Complete,25957826,3/3/2024,,
25210637,Passport Info,Complete,27465955,11/13/2025,,
81208022,Passport Info,Complete,89941696,5/17/2025,,
22481080,Passport Info,Complete,61948059,3/20/2027,,
67502647,Passport Info,Complete,84853861,8/30/2025,,
65671634,Passport Info,Complete,89751460,12/23/2027,,
58493473,Passport Info,Complete,97099906,1/18/2028,,
50706964,Passport Info,Complete,17222915,5/18/2025,,
48488039,Passport Info,Complete,64592471,12/2/2026,,
30107002,Passport Info,Complete,66883429,7/22/2026,,
45601409,Passport Info,Complete,71290243,2/27/2027,,
82594272,Passport Info,Complete,67518563,7/1/2028,,
28671997,Passport Info,Complete,99244992,11/15/2024,,
16112798,Passport Info,Complete,28581863,11/25/2026,,
43795672,Passport Info,Complete,95667043,2/24/2027,,
10087790,Passport Info,Complete,73904930,10/10/2024,,
96777665,Passport Info,Complete,82190152,10/4/2025,,
30927507,Passport Info,Complete,78338581,2/16/2028,,
42419923,Passport Info,Complete,17708009,12/13/2026,,
89930086,Passport Info,Complete,73741014,11/23/2025,,
55912339,Passport Info,Complete,54073765,3/14/2027,,
40881864,Passport Info,Complete,84276653,4/4/2026,,
96394839,Passport Info,Complete,58055670,11/4/2026,,
39448909,Passport Info,Complete,61292817,9/12/2024,,
78248629,Passport Info,Complete,96920150,5/18/2028,,
95189461,Passport Info,Complete,18123164,7/13/2026,,
79321208,Passport Info,Complete,47400713,10/23/2025,,
39633117,Passport Info,Complete,22534764,9/22/2027,,
83988476,Passport Info,Complete,25659591,3/3/2028,,
89450951,Passport Info,Complete,36276724,9/17/2026,,
18033463,Passport Info,Complete,44216049,11/7/2025,,
57123220,Passport Info,Complete,20587307,9/23/2026,,
39435577,Passport Info,Complete,84462634,5/10/2024,,
49623053,Passport Info,Complete,50378071,3/7/2028,,
85604431,Passport Info,Complete,33789499,5/9/2028,,
42017640,Passport Info,Complete,98744643,3/20/2026,,
79749949,Passport Info,Complete,76474758,6/27/2024,,
42830706,Passport Info,Complete,48808524,12/7/2025,,
19223859,Passport Info,Complete,25266195,11/24/2026,,
10787135,Passport Info,Complete,51489164,4/14/2024,,
38911379,Passport Info,Complete,90146918,1/17/2026,,
95631627,Passport Info,Complete,59794552,5/6/2027,,
27035130,Passport Info,Complete,13741912,10/14/2025,,
82651951,Passport Info,Complete,57022143,3/25/2028,,
82790039,Passport Info,Complete,73598728,2/26/2026,,
95626435,Passport Info,Complete,15268783,6/14/2026,,
77616574,Passport Info,Complete,73186527,8/30/2025,,
67234296,Passport Info,Complete,85596416,12/10/2024,,
16344979,Passport Info,Complete,53146907,2/8/2028,,
24491632,Passport Info,Complete,80323236,1/7/2027,,
77692142,Passport Info,Complete,62080412,8/21/2026,,
47363806,Passport Info,Complete,80930293,8/26/2025,,
13249904,Passport Info,Complete,37749967,6/10/2024,,
50267820,Passport Info,Complete,63101792,9/27/2026,,
65989869,Passport Info,Complete,16452821,5/1/2024,,
80573405,Passport Info,Complete,24494458,5/10/2028,,
55843334,Passport Info,Complete,41645732,2/24/2025,,
82503115,Passport Info,Complete,56301243,7/20/2026,,
84061606,Passport Info,Complete,82590888,7/20/2024,,
56544214,Passport Info,Complete,92003726,11/23/2026,,
11605694,Passport Info,Complete,63982990,2/18/2025,,
22644202,Passport Info,Complete,83758087,1/29/2026,,
39804987,Passport Info,Complete,71105983,5/7/2025,,
12557047,Passport Info,Complete,16543441,3/22/2028,,
44248434,Passport Info,Complete,60136670,3/19/2028,,
45869129,Passport Info,Complete,12721394,4/14/2025,,
14792919,Passport Info,Complete,49023861,5/13/2026,,
68584260,Passport Info,Complete,35618143,4/8/2026,,
24209661,Passport Info,Complete,98585239,10/16/2026,,
55627325,Passport Info,Complete,63851185,3/21/2024,,
57982753,Passport Info,Complete,59741039,11/27/2027,,
11819127,Passport Info,Complete,66478950,8/9/2027,,
14177867,Passport Info,Complete,55010242,5/12/2025,,
40113150,Passport Info,Complete,92343736,1/8/2027,,
28198299,Passport Info,Complete,75180918,9/5/2026,,
36703835,Passport Info,Complete,28549238,2/20/2027,,
22702071,Passport Info,Complete,15423814,12/19/2027,,
57437690,Passport Info,Complete,96725729,8/23/2026,,
92001665,Passport Info,Complete,48107667,10/29/2027,,
44205648,Passport Info,Complete,82639544,5/30/2025,,
16956949,Passport Info,Complete,60327553,12/17/2026,,
99524848,Passport Info,Complete,17891353,3/15/2028,,
91942298,Passport Info,Complete,25331304,1/25/2028,,
83814574,Passport Info,Complete,38938785,11/6/2026,,
21424171,Passport Info,Complete,28001987,12/16/2024,,
47849768,Passport Info,Complete,35065602,12/4/2026,,
42256928,Passport Info,Complete,87607069,8/18/2025,,
33416582,Passport Info,Complete,41441845,7/16/2027,,
86022909,Passport Info,Complete,36807871,11/16/2025,,
63405867,Passport Info,Complete,49889425,2/14/2026,,
90498408,Passport Info,Complete,35014598,8/13/2026,,
67708781,Passport Info,Complete,28668992,10/28/2025,,
49399692,Passport Info,Complete,71911418,11/7/2025,,
16486792,Passport Info,Complete,36411255,4/22/2025,,
67114026,Passport Info,Complete,92694295,6/14/2024,,
44703284,Passport Info,Complete,16146546,7/16/2027,,
86387804,Passport Info,Complete,95983321,4/12/2027,,
24435394,Passport Info,Complete,31996869,12/11/2027,,
50082215,Passport Info,Complete,13198477,5/2/2025,,
76740600,Passport Info,Complete,34615705,3/18/2024,,
55810997,Passport Info,Complete,64662470,6/5/2026,,
24447474,Passport Info,Complete,46207282,11/2/2025,,
99329098,Passport Info,Complete,15689049,4/7/2024,,
13208427,Passport Info,Complete,62757983,11/3/2024,,
46514401,Passport Info,Complete,41122175,1/30/2025,,
74779774,Passport Info,Complete,58601963,11/20/2025,,
97630432,Passport Info,Complete,72768300,5/11/2028,,
77936557,Passport Info,Complete,45355128,12/27/2026,,
82174172,Passport Info,Complete,98755214,12/1/2025,,
57623877,Passport Info,Complete,62600163,10/27/2025,,
96015530,Passport Info,Complete,15910863,6/3/2024,,
40317894,Passport Info,Complete,41533924,6/30/2025,,
11549844,Passport Info,Complete,29302614,5/28/2027,,
19317537,Passport Info,Complete,23486980,4/6/2024,,
66331277,Passport Info,Complete,50062331,8/11/2026,,
64139003,Passport Info,Complete,99198978,8/28/2024,,
94088592,Passport Info,Complete,31528452,11/22/2024,,
73893663,Passport Info,Complete,51613656,3/11/2028,,
78375487,Passport Info,Complete,60562552,7/28/2025,,
74339596,Passport Info,Complete,94977489,3/6/2025,,
80199013,Passport Info,Complete,70091297,7/7/2025,,
48407977,Passport Info,Complete,32119127,5/20/2028,,
54516272,Passport Info,Complete,44169049,7/2/2028,,
91133354,Passport Info,Complete,51956735,4/27/2025,,
35513178,Passport Info,Complete,29595057,6/4/2026,,
51055539,Passport Info,Complete,59360875,2/15/2026,,
56390733,Passport Info,Complete,15743084,10/2/2025,,
90238471,Passport Info,Complete,70209160,5/5/2028,,
36550103,Passport Info,Complete,33075202,3/20/2025,,
47848017,Passport Info,Complete,62625431,8/3/2025,,
19141391,Passport Info,Complete,34955617,10/31/2025,,
17861364,Passport Info,Complete,72988337,8/4/2024,,
11640354,Passport Info,Complete,97254387,9/13/2025,,
63916649,Passport Info,Complete,77563540,9/7/2027,,
56311704,Passport Info,Complete,42449999,8/7/2027,,
23588459,Passport Info,Complete,90363178,7/4/2024,,
19929482,Passport Info,Complete,78058737,10/15/2027,,
88513505,Passport Info,Complete,27332794,3/21/2024,,
59371702,Passport Info,Complete,39048757,10/13/2026,,
25226997,Passport Info,Complete,49964663,8/3/2025,,
69537074,Passport Info,Complete,89323675,4/13/2027,,
45436091,Passport Info,Complete,83027198,6/23/2028,,
95568527,Passport Info,Complete,71763202,11/1/2027,,
52915538,Passport Info,Complete,63988675,3/5/2025,,
76133327,Passport Info,Complete,16049601,11/16/2024,,
58415532,Passport Info,Complete,82096053,9/30/2027,,
74824346,Passport Info,Complete,16719083,12/31/2025,,
36420594,Passport Info,Complete,63271533,10/25/2024,,
54456684,Passport Info,Complete,74888473,12/10/2027,,
55048035,Passport Info,Complete,64236311,3/8/2026,,
74009137,Passport Info,Complete,15140329,8/4/2026,,
11604333,Passport Info,Complete,93004677,3/25/2026,,
83015484,Passport Info,Complete,50722248,4/17/2026,,
83262697,Passport Info,Complete,21094929,10/11/2026,,
12229960,Passport Info,Complete,69602547,1/5/2025,,
54801617,Passport Info,Complete,42611833,12/4/2027,,
20343808,Passport Info,Complete,78732662,4/30/2025,,
97857658,Passport Info,Complete,99258571,11/9/2025,,
40032892,Passport Info,Complete,21744594,10/22/2024,,
56729111,Passport Info,Complete,82242801,8/1/2026,,
64151105,Passport Info,Complete,72794157,12/28/2025,,
44108417,Passport Info,Complete,66697824,3/7/2028,,
92798851,Passport Info,Complete,30365490,6/12/2025,,
54073746,Passport Info,Complete,32962668,4/3/2026,,
24341955,Passport Info,Complete,36639529,5/4/2024,,
15720392,Passport Info,Complete,64640825,9/30/2027,,
39203614,Passport Info,Complete,44650465,4/12/2027,,
60393543,Passport Info,Complete,71412410,10/25/2026,,
97057737,Passport Info,Complete,14210279,2/10/2028,,
46022768,Passport Info,Complete,76172204,6/9/2027,,
52659652,Passport Info,Complete,97553090,8/4/2025,,
67444395,Passport Info,Complete,55110085,8/24/2027,,
53027066,Passport Info,Complete,62296036,5/30/2024,,
70685210,Passport Info,Complete,81444341,6/16/2024,,
25799926,Passport Info,Complete,71741285,1/9/2025,,
74005718,Passport Info,Complete,66753968,3/12/2025,,
66678555,Passport Info,Complete,16009853,5/14/2028,,
28891845,Passport Info,Complete,86297954,2/19/2025,,
14702102,Passport Info,Complete,44802159,8/21/2024,,
14226080,Passport Info,Complete,50130774,5/14/2027,,
37423364,Passport Info,Complete,50301955,8/29/2027,,
16455844,Passport Info,Complete,95883375,5/28/2027,,
42099423,Passport Info,Complete,80166238,3/6/2028,,
62656621,Passport Info,Complete,22122466,4/10/2025,,
41094839,Passport Info,Complete,63351688,4/26/2028,,
10238809,Passport Info,Complete,71145248,7/20/2025,,
80662258,Passport Info,Complete,41854557,3/30/2027,,
58231132,Passport Info,Complete,68705543,3/5/2026,,
56026954,Passport Info,Complete,50627354,10/27/2024,,
28858232,Passport Info,Complete,32012199,8/20/2027,,
14053094,Passport Info,Complete,35615675,7/27/2027,,
88461881,Passport Info,Complete,46087951,9/3/2027,,
80467765,Passport Info,Complete,34465086,7/7/2027,,
56665594,Passport Info,Complete,59480908,10/7/2027,,
27624418,Passport Info,Complete,96399730,2/26/2027,,
30721063,Passport Info,Complete,63738215,7/29/2024,,
35947137,Passport Info,Complete,50306885,10/25/2026,,
20409854,Passport Info,Complete,66593038,8/20/2026,,
81962344,Passport Info,Complete,91344236,8/21/2025,,
34911833,Passport Info,Complete,79479063,7/6/2028,,
64078791,Passport Info,Complete,36322513,10/2/2026,,
55102849,Passport Info,Complete,50615120,6/12/2027,,
35193705,Passport Info,Complete,79134037,12/24/2026,,
66276478,Passport Info,Complete,34917589,5/14/2028,,
90402313,Passport Info,Complete,59485526,8/9/2027,,
57047100,Passport Info,Complete,43100758,6/4/2026,,
65514653,Passport Info,Complete,89316056,5/30/2026,,
79634151,Passport Info,Complete,57654564,6/13/2025,,
93188666,Passport Info,Complete,91448938,4/13/2024,,
56037558,Passport Info,Complete,19719579,11/11/2026,,
64444119,Passport Info,Complete,83574136,5/23/2026,,
61588557,Passport Info,Complete,75085420,6/30/2025,,
19948020,Passport Info,Complete,79497665,3/16/2026,,
51514553,Passport Info,Complete,62783503,4/1/2026,,
76820720,Passport Info,Complete,45747832,4/1/2027,,
76864782,Passport Info,Complete,86770014,8/27/2026,,
51626144,Passport Info,Complete,45060966,9/11/2026,,
91770383,Passport Info,Complete,79637178,3/27/2028,,
53388598,Passport Info,Complete,12979045,11/15/2025,,
67607252,Passport Info,Complete,78073478,9/13/2027,,
61282721,Passport Info,Complete,62390366,4/7/2026,,
79680231,Passport Info,Complete,60893441,3/22/2025,,
45650949,Passport Info,Complete,81280697,1/14/2025,,
66461750,Passport Info,Complete,45467702,4/26/2026,,
53097290,Passport Info,Complete,37092780,2/27/2028,,
67699356,Passport Info,Complete,76258794,2/20/2025,,
57195324,Passport Info,Complete,68413806,11/28/2027,,
53222014,Passport Info,Complete,12463230,10/16/2027,,
88530639,Passport Info,Complete,59586253,9/24/2026,,
49934572,Passport Info,Complete,33159260,5/29/2024,,
51480360,Passport Info,Complete,40653687,1/7/2025,,
83034210,Passport Info,Complete,41354847,10/7/2027,,
48873355,Passport Info,Complete,55710601,10/20/2026,,
55377894,Passport Info,Complete,97365358,3/11/2027,,
27109478,Passport Info,Complete,77094381,2/28/2027,,
46777564,Passport Info,Complete,59334077,12/12/2026,,
24773172,Passport Info,Complete,29480403,8/7/2025,,
49524856,Passport Info,Complete,49999296,9/16/2026,,
36127698,Passport Info,Complete,72516461,11/14/2026,,
99691179,Passport Info,Complete,85611803,8/24/2027,,
73372146,Passport Info,Complete,70013930,4/4/2027,,
61403190,Passport Info,Complete,95601878,9/28/2027,,
90466424,Passport Info,Complete,91295577,2/24/2027,,
17554799,Passport Info,Complete,77886758,3/16/2027,,
14861685,Passport Info,Complete,96398543,7/14/2025,,
29751183,Passport Info,Complete,72208436,12/8/2026,,
71288829,Passport Info,Complete,25547407,8/21/2027,,
41190480,Passport Info,Complete,60895963,5/25/2025,,
48162956,Passport Info,Complete,31377070,2/8/2028,,
75322496,Passport Info,Complete,95182000,3/23/2025,,
25178574,Passport Info,Complete,54371036,11/28/2026,,
47800787,Passport Info,Complete,80394527,6/21/2024,,
76883308,Passport Info,Complete,30221174,11/13/2027,,
89704462,Passport Info,Complete,44736355,11/21/2026,,
16262163,Passport Info,Complete,72121558,2/26/2025,,
27371614,Passport Info,Complete,66569259,9/25/2024,,
45518763,Passport Info,Complete,72004337,3/8/2028,,
53311532,Passport Info,Complete,87871867,12/1/2027,,
93823900,Passport Info,Complete,30831071,5/11/2026,,
92434099,Passport Info,Complete,31341921,4/22/2025,,
21759019,Passport Info,Complete,90927348,9/10/2024,,
52939970,Passport Info,Complete,60815240,8/10/2025,,
91968333,Passport Info,Complete,42549731,5/11/2024,,
96608517,Passport Info,Complete,97909433,6/19/2028,,
32191822,Passport Info,Complete,16155101,10/16/2026,,
54979141,Passport Info,Complete,73020339,3/8/2027,,
56791808,Passport Info,Complete,88842685,10/12/2027,,
97984423,Passport Info,Complete,68993883,1/18/2027,,
77412067,Passport Info,Complete,32580343,11/16/2026,,
96872121,Passport Info,Complete,87730415,12/30/2025,,
22785515,Passport Info,Complete,32125297,12/25/2027,,
26772436,Passport Info,Complete,16078641,12/6/2026,,
80891404,Passport Info,Complete,29487145,7/3/2025,,
21794116,Passport Info,Complete,28564046,6/26/2028,,
12193045,Passport Info,Complete,38917265,5/26/2027,,
34476647,Passport Info,Complete,26760525,5/14/2026,,
59394069,Passport Info,Complete,61532257,7/22/2026,,
74539744,Passport Info,Complete,31263517,10/23/2026,,
77315456,Passport Info,Complete,80513682,2/14/2028,,
99823510,Passport Info,Complete,19313611,1/9/2026,,
98557233,Passport Info,Complete,36658483,12/29/2027,,
32755512,Passport Info,Complete,47236090,4/12/2024,,
42918333,Passport Info,Complete,24762998,12/10/2024,,
29213555,Passport Info,Complete,94032191,7/6/2028,,
83153775,Passport Info,Complete,87778615,6/19/2026,,
79858455,Passport Info,Complete,46146467,5/24/2026,,
71580515,Passport Info,Complete,95936644,6/6/2026,,
56819744,Passport Info,Complete,21328094,4/29/2024,,
18720171,Passport Info,Complete,51450088,11/26/2024,,
58385733,Passport Info,Complete,87583234,12/20/2026,,
25970634,Passport Info,Complete,94855563,11/15/2024,,
18202284,Passport Info,Complete,47337957,1/28/2025,,
29054492,Passport Info,Complete,62707771,8/2/2027,,
46786117,Passport Info,Complete,46942357,5/13/2026,,
53592100,Passport Info,Complete,50572106,5/2/2028,,
13833173,Passport Info,Complete,62888447,8/17/2025,,
23120644,Passport Info,Complete,41659008,10/9/2026,,
42791614,Passport Info,Complete,21996351,4/19/2024,,
71352175,Passport Info,Complete,87350435,1/14/2026,,
46990935,Passport Info,Complete,67870661,10/19/2027,,
78718123,Passport Info,Complete,31669882,3/3/2027,,
68819943,Passport Info,Complete,80706866,12/25/2025,,
79817391,Passport Info,Complete,22230633,3/6/2025,,
34222873,Passport Info,Complete,51058408,7/6/2025,,
88774914,Passport Info,Complete,52494266,12/28/2025,,
94127798,Passport Info,Complete,99189024,5/29/2025,,
26977917,Passport Info,Complete,46898973,8/27/2024,,
59373959,Passport Info,Complete,93102196,6/1/2027,,
83369333,Passport Info,Complete,41936928,6/16/2027,,
75496990,Passport Info,Complete,70088368,9/26/2024,,
68055984,Passport Info,Complete,33795593,2/12/2025,,
73269044,Passport Info,Complete,47910288,5/18/2025,,
98479043,Passport Info,Complete,99386165,5/1/2024,,
40740509,Passport Info,Complete,68895714,3/12/2025,,
89398708,Passport Info,Complete,84346261,10/27/2025,,
45644748,Passport Info,Complete,44876909,2/22/2027,,
50930884,Passport Info,Complete,74184922,3/26/2028,,
61585745,Passport Info,Complete,54074473,1/24/2025,,
20549351,Passport Info,Complete,49100469,5/24/2025,,
74492769,Passport Info,Complete,75586781,9/28/2025,,
65582935,Passport Info,Complete,61233836,1/17/2028,,
24795817,Passport Info,Complete,15828127,11/11/2027,,
25396858,Passport Info,Complete,75045874,8/29/2026,,
28787713,Passport Info,Complete,41094562,9/20/2026,,
48610084,Passport Info,Complete,84459401,4/1/2028,,
26543094,Passport Info,Complete,28700980,1/8/2028,,
24464507,Passport Info,Complete,73253356,8/26/2024,,
94162468,Passport Info,Complete,20939402,11/9/2027,,
61225367,Passport Info,Complete,59157128,8/5/2024,,
97662023,Passport Info,Complete,29407549,6/20/2024,,
76078525,Passport Info,Complete,78852089,3/1/2025,,
91101534,Passport Info,Complete,58452209,7/25/2025,,
